Date - Intl. format or prompt,Text,Link(s) - Separated by comma for FB carousels,Media URL(s) - Separated by comma,"Title - For the video, pin, PDF ..",Label(s) - Separated by comma,Alt text(s) - Separated by ||,Comment(s) - Separated by ||,"Pin board, FB album, or Google category","Post subtype - I.e. story, reel, PDF ..",CTA - For Facebook links or Google,"Reminder - For stories, reels, shorts, and TikToks"
2026-10-08 16:00 CST,"Youngest of ten. Born and raised in Brooklyn. First-generation American. My parents gave us three values: togetherness, family, hard work. Which one did your family pass down to you?",,,,"Carousel 01, Story","Cover with the youngest-of-ten headline next to a portrait of Stephen Jemal, over an illustrated row of lit houses. || Four gold-bordered cards: born and raised in Brooklyn, youngest of ten children, first-generation American, Pace University alumnus. || A gold vertical timeline: the family store in Spanish Harlem, four stores by 16, and the first Wiz on Fulton Street in 1976. || Three numbered questions, one per value, with a gold button asking readers to comment the value their family passed down.",,,,,
2026-10-12 16:00 CST,"By 16, I'd started four electronics and music stores. It began in our family store in Spanish Harlem, working beside my father. What were you building at 16?",,,,"Carousel 02, Founder lessons","Cover with the headline about starting four stores by 16, over an illustrated lit storefront at dusk. || A three-step path from the family store to four stores by 16 to the first Wiz in 1976. || Three numbered cards: work beside someone who knows the trade, take real responsibility early, turn it into something of your own. || Five numbered questions for a first venture, with a gold button asking readers to comment theirs.",,,,,
2026-10-15 16:00 CST,Nobody Beats The Wiz. Four words. Named after my father's favorite Broadway musical. One of the most memorable electronics brands in the New York region. Can you describe your brand in four words?,,,,"Carousel 03, Founder lessons","Cover headline 'Four words. One of New York's most memorable electronics brands.' over an illustrated gold megaphone. || Three rows: four words, named after a Broadway musical, one of the most memorable electronics brands in the New York region. || A 2x2 grid of the Wiz marketing pillars: memorable naming, clear positioning, market visibility, brand consistency. || Four numbered brand-test questions with a gold button asking readers for their brand in four words.",,,,,
2026-10-19 16:00 CST,A store runs on its owner. A chain runs on systems. The first Wiz opened on Fulton Street in 1976. My 5 questions before you scale are on the last slide. Which one is hardest for you?,,,,"Carousel 04, Scaling and systems","Cover headline 'One storefront in 1976. What turns it into a chain?' over a row of storefronts, one lit. || Three rows: 1976 first Wiz on Fulton Street, the name Nobody Beats The Wiz, one of the region's most memorable electronics brands. || A two-column table contrasting how a single storefront and a chain operate. || Five numbered questions to ask before scaling, with a gold comment button.",,,,,
2026-10-22 16:00 CST,My breakdown of the 4 positioning pillars behind Nobody Beats The Wiz: 1. Clear message 2. Competitive identity 3. Operational support 4. Scalable concept Which one is your business missing?,,,,"Carousel 05, Founder lessons",Cover headline 'The 4 pillars behind Nobody Beats The Wiz' over four illustrated gold columns. || A 2x2 grid of the four Wiz positioning pillars with one-line descriptions. || A two-column table contrasting a store and a brand. || Four numbered identity questions with a gold button asking what the reader's brand stands for.,,,,,
2026-10-26 16:00 CST,Customers see the store. They never see the system. Inventory. Staffing. Store management. Advertising. Service. Construction timing. I put a 5-point check in the carousel. Which system would you fix first?,,,,"Carousel 06, Scaling and systems","Cover headline 'Customers see the store. They never see the system.' over an illustrated conveyor belt with boxes. || Four rows: inventory flow, staffing, store management and advertising, each with a short description. || A four-step flow from inventory to staff to store to customer. || Five numbered system checks with a gold comment button.",,,,,
2026-10-29 16:00 CST,"Before you sign a lease: 1. Who passes by, and who stops? 2. What does the lease lock in? 3. How will customers get here? 4. What will the buildout take? 5. Can we run the space well? Which would you ask first?",,,,"Carousel 07, Scaling and systems","Cover headline 'Before you sign a lease, ask these 5 questions' over an illustrated street map with a gold route. || Three cards: location analysis, lease decisions and customer traffic planning. || A four-step flow from site to lease to buildout to opening. || Five numbered questions to ask before signing a lease, with a gold comment button.",,,,,
2026-11-02 16:00 CST,"After the Wiz, I moved from stores to land: waterfront revitalization and underutilized parcels across NYC and New Jersey. That led to JemRock. What carried over from your first industry?",,,,"Carousel 08, Story","Cover headline 'After the Wiz, I moved from stores to land' over a split scene of a storefront and a waterfront skyline. || Three cards: waterfront revitalization, underutilized parcels across five areas, and the step to JemRock Organization. || A two-column table mapping retail skills to real estate development skills. || Five numbered questions to ask before redeveloping a property, with a gold comment button.",,,,,
2026-11-05 16:00 CST,"1976: first Wiz, Fulton Street. 16: four stores of my own. 155M: global housing deficit (per JemRock research). 2.8B: people without adequate housing (UN-Habitat). Which number surprised you?",,,,"Carousel 09, Housing and authority","Cover headline 'The numbers behind my story, from 1976 to 2030' over a gold bar chart rising from a storefront into towers. || Three rows: 1976 first Wiz, 16 the age by which four stores were started, 10 children in the family. || Three stat cards: 155 million unit deficit, 240 million projected by 2030, 96,000 homes needed a day. || A numbered reference list of four housing numbers with sources and a gold comment button.",,,,,
2026-11-09 16:00 CST,"My 4 moves, from one Fulton Street storefront to housing tech: 1. Find the gap 2. Build the brand 3. Scale the system 4. Play the long game Which one is your business missing?",,,,"Carousel 10, Founder lessons","Cover headline 'From one Fulton Street store to housing tech: my 4 moves' with four numbered pills and a portrait of Stephen Jemal over a Brooklyn storefront at dusk. || Two gold-bordered cards: find the gap, and build the brand, citing the Nobody Beats The Wiz name. || A 1976 card for the first Wiz, a three-step flow (define, document, repeat), and a checklist of the four Wiz positioning pillars. || Four numbered business questions, one per move, with a gold button asking readers which they would answer first.",,,,,
2026-11-12 16:00 CST,"My father opened the first Wiz on Fulton Street in 1976. In 2026, we unveiled BUILT®, a prefab modular housing production system. Two generations of building. What did the generation before you build?",,,,"Carousel 11, Story","Cover headline 'My father opened the first Wiz. I'm building housing tech.' over two gold pedestals holding a storefront and a factory. || Three cards about Norman N. Jemal: the family store in Spanish Harlem, the first Wiz in 1976, and its Broadway-inspired name. || A portrait of Stephen Jemal beside a gold timeline from Brooklyn childhood to four stores, construction, real estate and JemRock. || Three numbered questions to ask a parent or mentor, with a gold comment button.",,,,,
2026-11-16 16:00 CST,"As the Wiz chain grew, I built our own construction and fixture company. Prefab fixtures then. Prefab homes with BUILT® now. Where does your buildout cost leak?",,,,"Carousel 12, Founder lessons","Cover headline 'As the chain grew, I built our own construction company' over a row of storefront shells, one lit. || Four numbered cards listing the steps of every new store buildout, with a gold pull line. || A three-step flow from design to making fixtures to installing in store, under a line about the in-house company. || Four numbered buildout questions with a gold button asking readers to answer the second.",,,,,
2026-11-19 16:00 CST,"Retail → construction → real estate → housing tech. In my work, the products changed. The approach traveled. What carried over from your first industry into your current one?",,,,"Carousel 13, Founder lessons","Cover headline listing retail, construction, real estate and housing tech, asking what stayed the same, over a gold path through four scenes. || A four-step path from retail to construction, real estate and housing tech, with a card on what links them. || A 2x2 grid: clear identity, market gap thinking, repeatable systems, location judgment. || Five numbered questions for entering a new industry, with a gold comment button.",,,,,
2026-11-23 16:00 CST,Opening another location? My checklist: Location. Lease (with a lawyer). Buildout. Team. Inventory. Layout. Launch message. Then review and update it. Which step gets skipped most?,,,,"Carousel 14, Scaling and systems","Cover headline 'Opening your next store? Save this 6-step checklist.' over glowing storefront blueprints with a gold checklist. || Three checklist cards for location, lease and buildout. || A 2x2 grid: team, inventory, layout and launch, each with a short checklist line. || A six-step numbered opening checklist with a gold comment button.",,,,,
2026-11-26 16:00 CST,"Training a team across locations, the way I'd do it: Write it. Teach it the same way. Check it. Where does your training break down?",,,,"Carousel 15, Scaling and systems","Cover headline 'How do you train a whole chain to one standard?' over an illustrated clipboard with gold check marks. || A three-step flow, write, teach, check, with two cards on writing the standard and teaching it the same way. || A gold timeline of a new hire's first month, from before day one to an end-of-month review. || Five numbered training questions with a gold comment button.",,,,,
2026-11-30 16:00 CST,"6 layout rules I'd start with: 1. Strong entrance 2. Clear path 3. Related items together 4. Visible prices 5. Planned promotions 6. Clean, consistent displays Which one does your store break?",,,,"Carousel 16, Scaling and systems","Cover headline 'Six layout rules that guide customers from door to register' over an illustrated gold price tag. || A four-step flow from enter to browse to decide to buy. || A 2x2 grid: entrance, flow, grouping and signage, each with a short rule. || Six numbered layout rules with a gold comment button.",,,,,
2026-12-03 16:00 CST,Supplier scorecard: 1. On-time delivery 2. Quality consistency 3. Price vs. value 4. Communication 5. How problems are handled 6. Backup options I'd put reliability first. What would you put first?,,,,"Carousel 17, Scaling and systems","Cover headline 'The cheapest supplier can cost you the most' over an illustrated conveyor belt with boxes. || Three cards: reliability over lowest price, clear terms and early communication. || A four-step supply loop from plan to order to receive to review. || A six-point numbered supplier scorecard with a gold comment button.",,,,,
2026-12-07 16:00 CST,"Rent is only one line of your lease. Also check: term, renewal, exit, buildout help, extra costs, restrictions. General guidance, not legal advice. Get a lawyer. What would you add to my list?",,,,"Carousel 18, Scaling and systems","Cover headline 'Rent is only one line of your lease. Check these.' over an illustrated brass key beside a small house. || Four rows: rent, term, renewal and exit, each with what to weigh. || Three cards: buildout contributions, costs beyond base rent, and restrictions. || Six numbered questions to ask a landlord, with a gold comment button and a general-guidance note.",,,,,
2026-12-10 16:00 CST,"One promise. Every channel. I'd say one thing, say it everywhere, show it in store, and change offers, not identity. Can your customers repeat your promise in five words?",,,,"Carousel 19, Scaling and systems","Cover headline 'Can a customer repeat your brand promise in five words?' over an illustrated gold megaphone. || A three-step flow from one promise to every channel to the same in store. || A 2x2 grid: say one thing, say it everywhere, show it in store, keep it fresh. || Five numbered message-check questions with a gold comment button.",,,,,
2026-12-14 16:00 CST,"Opening in a new neighborhood? Learn three things first: 1. Who lives and shops there 2. What competitors already do 3. How people get there Then I'd adjust the offer, not the identity. Agree?",,,,"Carousel 20, Scaling and systems","Cover headline 'Opening in a new neighborhood? Learn these 3 things first' over an illustrated street map with a gold route. || Three cards: who lives and shops there, what competitors do, how people get there. || A three-step flow, learn, adjust, stay on brand, with a rule card. || Five numbered local research questions with a gold comment button.",,,,,
2026-12-17 16:00 CST,A 6-point brand audit: 1. Name used the same way 2. Message matches everywhere 3. Signage matches 4. Service standard followed 5. Pricing logic consistent 6. Feedback reviewed I'd start with signage. Which would your stores fail?,,,,"Carousel 21, Scaling and systems","Cover headline 'Would customers recognize you in every location?' over an illustrated gold shield with a check mark. || A 2x2 grid: name and message, space, service, pricing. || A three-step flow, look, compare, fix, with a pull line about visiting as a customer. || A six-point numbered brand audit with a gold comment button.",,,,,
2026-12-21 16:00 CST,"If it only works when one person is there, it isn't a system. Document. Standardize. Measure. I'd start with opening and closing. Which process would you write down first?",,,,"Carousel 22, Scaling and systems","Cover headline 'What happens to your business when your best person is out?' over an illustrated gold blueprint grid. || A three-step flow from document to standardize to measure. || Three numbered cards: opening and closing, customer service, ordering and receiving. || Five numbered system-check questions with a gold comment button.",,,,,
2026-12-24 16:00 CST,Where does the money leak? Rework. Waiting. Wasted materials. Repeated effort. Missing data. I'd start by measuring one of them this week. Which one would you pick?,,,,"Carousel 23, Scaling and systems","Cover headline 'Where does the money leak?' over an illustrated golden balance scale. || Three cards: planning rework, construction delays and waste, operational duplication. || A three-step flow, spot, measure, fix, with a pull line about measuring costs. || Five numbered cost-leak questions with a gold comment button.",,,,,
2026-12-28 16:00 CST,Speed without standards = mistakes. Standards without systems = slow. Standards + systems = fast and consistent. That's how I see it. Where's your bottleneck?,,,,"Carousel 24, Scaling and systems","Cover headline 'Do you have to choose between speed and quality?' over an illustrated glowing clock. || Three cards: speed without standards, standards without systems, and standards plus systems. || A three-step flow from standard to system to speed. || Four numbered speed-check questions with a gold comment button.",,,,,
2026-12-31 16:00 CST,Ready for a second location? 1. Model proven 2. Playbook written 3. Someone else can run it 4. Funding and staff ready 5. First location stable I'd want all five. How many do you have?,,,,"Carousel 25, Scaling and systems","Cover headline '5 signs you're ready for a second location' over illustrated gold steps rising. || Three numbered cards: it works repeatedly in one location, the playbook is written, someone else can run it. || Three rows: funding, staff and focus on the first location, with a pull line about weak models. || A five-point numbered readiness scorecard with a gold comment button.",,,,,
2027-01-04 16:00 CST,6 ways chains break: 1. Growth outpaces training 2. Brand drifts 3. Local markets ignored 4. Leases with no exit 5. Suppliers neglected 6. Nothing measured Which would I find at your company? Which one is it?,,,,"Carousel 26, Scaling and systems","Cover headline '6 scaling mistakes that break a chain' over an illustrated gold shield. || Four numbered cards: growing faster than training, losing brand consistency, ignoring local markets, leases without an exit. || Two rows: suppliers left to slide and measurement skipped. || Six numbered red-flag questions with a gold comment button.",,,,,
2027-01-07 16:00 CST,"BUILT®, in one line: AI-powered, robotics-driven, cloud-based, laser-guided prefab modular housing production. One mother factory in the US. Hundreds of pilot factories where housing is needed. We unveiled it in August 2026. What would you ask?",,,,"Carousel 27, BUILT technology","Cover headline 'One mother factory. Hundreds of pilot factories. That's BUILT.' over an illustrated precision factory hall. || A four-step flow of BUILT's pillars: AI-powered, robotics-driven, cloud-based, laser-guided. || A 2x2 grid: millimeter precision, less material waste, local jobs, government partnerships. || A six-line numbered BUILT fact sheet with a gold comment button.",,,,,
2027-01-11 16:00 CST,"The 4 pillars of BUILT®, as I explain them: AI → plan Robotics → make Cloud → track Laser → fit Which would you want me to explain next?",,,,"Carousel 28, BUILT technology","Cover headline 'AI, robots, cloud, lasers: what each does in building a home' over four illustrated gold columns. || Two cards explaining what AI and robotics do in construction. || A four-step flow pairing AI with plan, robotics with make, cloud with track and laser with fit. || Four numbered questions to ask about any build system, with a gold comment button.",,,,,
2027-01-14 16:00 CST,"What AI can do before a wall goes up: Layouts. Materials. Scheduling. Cost projections. Process checks. My rule: fix problems on the screen, not on the site. Where would you use AI first?",,,,"Carousel 29, BUILT technology","Cover headline 'What can AI do before a single wall goes up?' over an illustrated glowing cloud linked to buildings. || Two cards: layout planning and material coordination. || A 2x2 grid: scheduling, cost projections, process checks, and AI-powered planning as a BUILT pillar. || Five numbered questions about AI in construction, with a gold comment button.",,,,,
2027-01-18 16:00 CST,"What robots do in prefab construction: Cut. Assemble. Move. Measure. Same task, same way, every time. That's what robotics-driven means to me in BUILT®. What would you automate first?",,,,"Carousel 30, BUILT technology","Cover headline 'What do robots actually do in a factory-built home?' over an illustrated robotic arm placing a panel. || A four-step flow of robot jobs in prefab: cut, assemble, move, measure. || Three numbered cards: repeatable tasks, precise parts, and less uncertainty than site-based building. || Four numbered questions about factory-built homes, with a gold comment button.",,,,,
2027-01-21 16:00 CST,A credit card is 0.76 mm thick (ISO/IEC 7810). BUILT® is designed for sub-millimeter precision. Why I care: parts that fit the first time mean less rework and less waste. Where does precision matter most to you?,,,,"Carousel 31, BUILT technology","Cover headline 'Why would a home need precision under a millimeter?' over an illustrated laser scanning a building panel. || Two stat cards: under 1 mm, the sub-millimeter precision BUILT is designed for, and 0.76 mm, a credit card's thickness. || Three cards: exact fit, less rework, less waste. || Four numbered precision-check questions with a gold comment button.",,,,,
2027-01-25 16:00 CST,"Data → dashboard → decision. The point of a project dashboard is faster decisions, not more reports. That's the bar I'd hold it to. What would you put on yours?",,,,"Carousel 32, BUILT technology","Cover headline 'What if you could see every build in real time?' over an illustrated cloud linked to buildings. || Three cards: monitoring many projects, one version of the truth, fewer surprises. || A three-step flow from data to dashboard to decision. || Five numbered questions for any project dashboard, with a gold comment button.",,,,,
2027-01-28 16:00 CST,The BUILT® model: 1 mother factory in the US. Hundreds of custom pilot factories where housing is needed. Local jobs. Government partnerships. Where would you put our first pilot factory?,,,,"Carousel 33, BUILT technology","Cover headline 'Why one mother factory and hundreds of pilot factories?' over an illustrated glowing globe. || A three-step flow from a US mother factory to custom pilot factories to local homes. || Three cards: local jobs, government partnerships, and pilot factories customized for each country. || Four numbered questions about housing factory models, with a gold comment button.",,,,,
2027-02-01 16:00 CST,"2.8 billion people lack adequate housing (UN-Habitat). The UN's 7 elements of adequate: tenure, services, affordability, habitability, accessibility, location, cultural adequacy. Which one do I hear about least? Which do you?",,,,"Carousel 34, Housing and authority","Cover headline '2.8 billion people lack adequate housing. What does adequate mean?' over illustrated houses with lit windows. || Three cards: security of tenure, services and infrastructure, affordability. || A 2x2 grid: habitability, accessibility, location, cultural adequacy. || Three numbered questions drawn from the UN elements, with a gold comment button.",,,,,
2027-02-04 16:00 CST,"Per JemRock research, the world needs 96,000 new homes a day. That's ~4,000 an hour. ~67 a minute. More than 1 every second. UN-Habitat: 2.8 billion people lack adequate housing. Our mission at JemRock: change how the world produces housing. Which number surprised you most?",,,,"Carousel 35, Housing and authority","Cover headline 'The world needs more than one new home every second' over an illustrated glowing clock. || Four stacked rows breaking 96,000 homes a day into about 4,000 an hour, 67 a minute and more than one a second. || Three large stat cards: 2.8 billion people lack adequate housing, 1.1 billion live in slums or informal settlements, more than 300 million are homeless. || Four numbered questions for reading a housing statistic, with a gold button asking which number surprised readers most.",,,,,
2027-02-08 16:00 CST,"Modular construction (McKinsey, 2019): 20-50% faster. Up to 20% cost savings. Up to 10% losses if delivery or material costs spike. I always read the fine print. What would you ask?",,,,"Carousel 36, BUILT technology","Cover headline 'Prefab can be 20-50% faster. Here's the fine print.' over an illustrated factory hall. || Three stat cards: 20-50% faster, up to 20% cost savings, up to 10% potential losses if costs spike. || A four-step flow of prefab principles: repeatable, cost-aware, fast, consistent. || Four numbered questions to ask before choosing prefab, with a gold comment button.",,,,,
2027-02-11 16:00 CST,Construction waste comes from: Cutting errors. Over-ordering. Rework. I think precision attacks all three. That's why BUILT® is designed for less waste. Which would you fix first?,,,,"Carousel 37, BUILT technology","Cover headline 'Where does construction waste really come from?' over an illustrated conveyor belt with boxes. || Three numbered cards: cutting errors, over-ordering and rework. || A three-step flow, measure, cut, fit, with a line that BUILT is designed for less material waste. || Five numbered waste-reduction questions with a gold comment button.",,,,,
2027-02-15 16:00 CST,"Our BUILT® design target: 50%+ faster timelines (per JemRock research). That's a target, not a result. McKinsey (2019): modular can be 20-50% faster. How would you test a speed claim?",,,,"Carousel 38, BUILT technology","Cover headline '50% faster: a target or a result?' over an illustrated glowing clock. || Three rows: McKinsey's 20-50% faster, BUILT's 50%+ design target, McKinsey's up to 20% cost savings. || Three cards: approvals and permits, financing, delivery. || Four numbered questions to test any speed claim, with a gold comment button.",,,,,
2027-02-18 16:00 CST,"Site-built: conditions change daily. System-built: conditions are controlled. Less happens on site, so less can go wrong there. That's how I see it. Agree or disagree?",,,,"Carousel 39, BUILT technology","Cover headline 'Two ways to build a home. Which carries more risk?' over an illustrated construction crane. || A two-column table contrasting site-based and prefabricated building. || Three numbered cards: uncertainty, delays and cost control. || Five numbered questions for comparing building methods, with a gold comment button.",,,,,
2027-02-22 16:00 CST,Retail lesson I'd apply to buildings: Memorable name. Clear position. Visible. Consistent. A building known by its name beats one known by its address. Which one do you know by name?,,,,"Carousel 40, Real estate and vision","Cover headline 'What if a building had a brand, like a store does?' over an illustrated lit apartment tower. || A four-step flow: name, position, build, operate. || A 2x2 grid applying the Wiz marketing pillars to buildings: naming, positioning, visibility, consistency. || Four numbered brand-check questions for buildings, with a gold comment button.",,,,,
2027-02-25 16:00 CST,"After the Wiz, I assembled underutilized parcels across Manhattan, Brooklyn, Queens, the Bronx and New Jersey. Assemblage: combining neighboring lots into one site for a bigger plan. What would you build on a full block?",,,,"Carousel 41, Real estate and vision","Cover headline 'After the Wiz, I assembled underused land across five areas' over an illustrated street map with a gold route. || Four rows: where the parcels were, what was done, the waterfront and development work alongside it, and the step to JemRock. || A four-step flow of land assemblage: find, acquire, combine, plan. || Five numbered questions to ask before assembling a site, with a gold comment button.",,,,,
2027-03-01 16:00 CST,"After the Wiz, I turned to waterfront revitalization. What it usually involves: Public access to the water. New uses where industry stood. New infrastructure underneath. What would you build at the water's edge?",,,,"Carousel 42, Real estate and vision","Cover headline 'After the Wiz, I turned to the waterfront. Here's what revitalization means.' over an illustrated city skyline. || Three cards: public access to the water, new uses, rebuilt infrastructure. || A four-step flow: assess, plan, approve, build. || Four numbered questions for any waterfront site, with a gold comment button.",,,,,
2027-03-04 16:00 CST,What city residents weigh: Location. Amenities. Value. Building quality. I'd add one more: does it fit your routine? What's your top priority?,,,,"Carousel 43, Real estate and vision","Cover headline 'What do city residents really want from a home?' over an illustrated city skyline at golden hour. || Three cards: location, amenities and value. || A 2x2 grid: location, amenities, value and building quality. || Five numbered questions for judging a city home, with a gold comment button.",,,,,
2027-03-08 16:00 CST,"Crowded market: fight on price. Real gap: compete on fit. My sequence: spot the gap, shape a concept, serve the need. What gap would you fill?",,,,"Carousel 44, Real estate and vision","Cover headline 'Find the need nobody is serving. Then build around it.' over an illustrated street map with a gold route. || A three-step flow: spot the gap, shape a concept, serve the need. || A 2x2 grid: underserved people, a missing product, the wrong price, the wrong place. || Five numbered gap-finding questions with a gold comment button.",,,,,
2027-03-11 16:00 CST,A great concept is stage one of four: Concept. Construction. Design. Long-term use. I'd ask one question at the end: will it still work in ten years? Where do projects slip?,,,,"Carousel 45, Real estate and vision","Cover headline 'A great concept is only the first stage of four' over an illustrated construction crane. || A four-step flow: concept, build, design, long-term use. || Four numbered cards with one question for each stage. || Four numbered execution-check questions with a gold comment button.",,,,,
2027-03-15 16:00 CST,"Zoning decides: Use. Density. Improvements. Approvals. I'd check all four before buying. General guidance, not legal advice. What's your zoning story?",,,,"Carousel 46, Real estate and vision","Cover headline 'Zoning: the rulebook behind every city building' over an illustrated street map. || Four cards: use, density, improvements and approvals. || A four-step flow: use analysis, approval strategy, feasibility, team. || Four numbered zoning-check questions with a gold comment button and a legal note.",,,,,
2027-03-18 16:00 CST,"Adaptive reuse: give an old building a new job. Office → homes. Hotel → homes. Commercial → homes. I'd check zoning, condition and demand first. Which building near you would you convert?",,,,"Carousel 47, Real estate and vision","Cover headline 'What if some of the best new homes are inside old offices?' over an illustrated lit apartment tower. || A four-step flow from office, commercial and hotel buildings to residential. || Three numbered cards: the building exists, demand must be checked, value hides in underused space. || Five numbered questions to ask before converting a building, with a gold comment button.",,,,,
2027-03-22 16:00 CST,"6-factor property scorecard, 1 to 5 each: Location Future demand Condition Neighborhood change Zoning Feasibility I'd score before falling for any building. What would yours score?",,,,"Carousel 48, Real estate and vision","Cover headline 'How do you see value in an outdated building? Score it.' over an illustrated gold blueprint grid. || Three numbered cards: location, future demand, building condition. || Three rows: neighborhood change, zoning, construction feasibility. || A six-factor numbered property scorecard rated 1 to 5, with a gold comment button.",,,,,
2027-03-25 16:00 CST,Building in a city takes: Architects. Engineers. Consultants. The city. I'd say coordination is the real job. Who would you coordinate first?,,,,"Carousel 49, Real estate and vision","Cover headline 'It takes a village to build in a city' over an illustrated construction crane. || A 2x2 grid: architects, engineers, consultants and municipal processes. || A four-step flow: idea, approval, design, build. || Five numbered coordination questions with a gold comment button.",,,,,
2027-03-29 16:00 CST,"Vision: where the market is going. Positioning: how people understand you. I think you need both, in that order. What's your vision in one line?",,,,"Carousel 50, Founder lessons","Cover headline 'Vision or positioning: which one does your business need?' over an illustrated golden balance scale. || Two cards defining strategic vision and market positioning. || A 2x2 grid of the Wiz positioning pillars: clear message, competitive identity, operational support, scalable concept. || Four numbered strategy questions with a gold comment button.",,,,,
2027-04-01 16:00 CST,"My parents' three values, at work: Togetherness → shared goals. Family → trust and mentoring. Hard work → learning by doing. What value would you add?",,,,"Carousel 51, Story","Cover headline about what togetherness, family and hard work look like at work, over illustrated houses with lit windows. || Two cards on togetherness in business and in practice. || A grid with two cards on family as a business value: trust and long-term thinking, and mentoring by Stephen's father. || Three numbered self-check questions, one per value, with a gold comment button.",,,,,
2027-04-05 16:00 CST,Brooklyn → family store → four stores by 16 → the Wiz (1976) → real estate → JemRock → BUILT® (2026). My story so far. Which chapter should I unpack next?,,,,"Carousel 52, Story","Cover headline 'From my father's Fulton Street store to BUILT, in one swipe' over an illustrated city skyline. || A gold timeline: Brooklyn childhood, the family store, four stores by 16, the first Wiz in 1976. || A four-step flow from the Wiz to waterfront work to real estate to JemRock. || Five numbered words summarizing the story, with a gold comment button.",,,,,
